-- 회원
INSERT INTO users (user_id, user_pwd, user_email, user_birthday, user_coupon, user_point) VALUES ('a', 'a', 'a@gmail.com', '910326', 'n', '0');
INSERT INTO users (user_id, user_pwd, user_email, user_birthday, user_coupon, user_point) VALUES ('b', 'b', 'b@gmail.com', '911029', 'n', '50');
INSERT INTO users (user_id, user_pwd, user_email, user_birthday, user_coupon, user_point) VALUES ('c', 'c', 'c@gmail.com', '900222', 'n', '100');


-- 극장
INSERT INTO theaters (theater_name) VALUES ('건대');
INSERT INTO theaters (theater_name) VALUES ('강변');
INSERT INTO theaters (theater_name) VALUES ('군자');


-- 영화
INSERT INTO movies (movie_code, movie_title_kr, movie_title_eng, movie_genre, movie_directior, movie_actor1, movie_actor2, movie_actor3, movie_img_url, movie_story) VALUES ('20124070', '강철대오:구국의 철가방', 'Almost Che', '코미디', '육상효', '강철대오 배우1', '강철대오 배우2', '강철대오 배우3', '강철대오 url', '강철대오 줄거리');
INSERT INTO movies (movie_code, movie_title_kr, movie_title_eng, movie_genre, movie_directior, movie_actor1, movie_actor2, movie_actor3, movie_img_url, movie_story) VALUES ('20124400', '간첩', 'The Spies', '드라마,코미디,액션', '우민호', '간첩 배우1', '간첩 배우2', '간첩 배우3', '간첩 url', '간첩 줄거리');
INSERT INTO movies (movie_code, movie_title_kr, movie_title_eng, movie_genre, movie_directior, movie_actor1, movie_actor2, movie_actor3, movie_img_url, movie_story) VALUES ('20124032', '간기남', 'The Scent', '코미디,스릴러', '김형준', '간기남 배우1', '간기남 배우2', '간기남 배우3', '간기남 url', '간기남 줄거리');
INSERT INTO movies (movie_code, movie_title_kr, movie_title_eng, movie_genre, movie_directior, movie_actor1, movie_actor2, movie_actor3, movie_img_url, movie_story) VALUES ('20111686', 'U.F.O.', 'U.F.O.', '드라마,미스터리', '공귀현', 'U.F.O. 배우1', 'U.F.O. 배우2', 'U.F.O. 배우3', 'U.F.O. url', 'U.F.O. 줄거리');
INSERT INTO movies (movie_code, movie_title_kr, movie_title_eng, movie_genre, movie_directior, movie_actor1, movie_actor2, movie_actor3, movie_img_url, movie_story) VALUES ('20090248', '마더', 'Mother', '드라마', '봉준호', '마더 배우1', '마더 배우2', '마더 배우3', '마더 url', '마더 줄거리');
INSERT INTO movies (movie_code, movie_title_kr, movie_title_eng, movie_genre, movie_directior, movie_actor1, movie_actor2, movie_actor3, movie_img_url, movie_story) VALUES ('20128271', '577 프로젝트', 'Project 577', '코미디,드라마', '이근우', '577 배우1', '577 배우2', '577 배우3', '577 url', '577 줄거리');
INSERT INTO movies (movie_code, movie_title_kr, movie_title_eng, movie_genre, movie_directior, movie_actor1, movie_actor2, movie_actor3, movie_img_url, movie_story) VALUES ('20088506', '26년', '26 Years', '액션,드라마', '조근현', '26년 배우1', '26년 배우2', '26년 배우3', '26년 url', '26년 줄거리');
INSERT INTO movies (movie_code, movie_title_kr, movie_title_eng, movie_genre, movie_directior, movie_actor1, movie_actor2, movie_actor3, movie_img_url, movie_story) VALUES ('20124058', '5백만불의 사나이', 'A Millionaire on the Run', '코미디', '김익로', '5백만불 배우1', '5백만불 배우2', '5백만불 배우3', '5백만불 url', '5백만불 줄거리');
INSERT INTO movies (movie_code, movie_title_kr, movie_title_eng, movie_genre, movie_directior, movie_actor1, movie_actor2, movie_actor3, movie_img_url, movie_story) VALUES ('20149796', '메밀꽃, 운수 좋은 날, 그리고 봄봄', 'The Road Called Life', '애니메이션', '안재훈, 한혜진', '메밀꽃 배우1', '메밀꽃 배우2', '메밀꽃 배우3', '메밀꽃 url', '메밀꽃 줄거리');
INSERT INTO movies (movie_code, movie_title_kr, movie_title_eng, movie_genre, movie_directior, movie_actor1, movie_actor2, movie_actor3, movie_img_url, movie_story) VALUES ('20050342', '청연', 'Blue Swallow', '드라마', '윤종찬', '청연 배우1', '청연 배우2', '청연 배우3', '청연 url', '청연 줄거리');
INSERT INTO movies (movie_code, movie_title_kr, movie_title_eng, movie_genre, movie_directior, movie_actor1, movie_actor2, movie_actor3, movie_img_url, movie_story) VALUES ('20050111', '녹색의자', 'Green Chair', '드라마', '박철수', '녹색의자 배우1', '녹색의자 배우2', '녹색의자 배우3', '녹색의자 url', '녹색의자 줄거리');
INSERT INTO movies (movie_code, movie_title_kr, movie_title_eng, movie_genre, movie_directior, movie_actor1, movie_actor2, movie_actor3, movie_img_url, movie_story) VALUES ('20040682', '역도산', 'Rikidozan: A Hero Extraordinary', '드라마', '송해성', '역도산 배우1', '역도산 배우2', '', '역도산 url', '');
INSERT INTO movies (movie_code, movie_title_kr, movie_title_eng, movie_genre, movie_directior, movie_actor1, movie_actor2, movie_actor3, movie_img_url, movie_story) VALUES ('20050011', '파송송 계란탁', 'Cracked Eggs And Noodles', '코미디', '오상훈', '파송송 배우1', '파송송 배우2', '', '파송송 url', '');
INSERT INTO movies (movie_code, movie_title_kr, movie_title_eng, movie_genre, movie_directior, movie_actor1, movie_actor2, movie_actor3, movie_img_url, movie_story) VALUES ('20040778', '마파도', 'Mapado: Island of Fortunes', '코미디', '추창민', '마파도 배우1', '마파도 배우2', '', '마파도 url', '');
INSERT INTO movies (movie_code, movie_title_kr, movie_title_eng, movie_genre, movie_directior, movie_actor1, movie_actor2, movie_actor3, movie_img_url, movie_story) VALUES ('20050118', '릴리 슈슈의 모든 것', 'All About Lily Chou-Chou', '드라마', '이와이 슌지', '릴리 배우1', '릴리 배우2', '', '릴리 url', '');
INSERT INTO movies (movie_code, movie_title_kr, movie_title_eng, movie_genre, movie_directior, movie_actor1, movie_actor2, movie_actor3, movie_img_url, movie_story) VALUES ('20040704', '하나와 앨리스', 'Hana And Alice', '드라마', '이와이 슌지', '하나 배우1', '하나 배우2', '', '하나 url', '');
INSERT INTO movies (movie_code, movie_title_kr, movie_title_eng, movie_genre, movie_directior, movie_actor1, movie_actor2, movie_actor3, movie_img_url, movie_story) VALUES ('20050015', '태풍태양', 'The Aggressives', '드라마', '정재은', '태풍태양 배우1', '태풍태양 배우2', '', '태풍태양 url', '');
INSERT INTO movies (movie_code, movie_title_kr, movie_title_eng, movie_genre, movie_directior, movie_actor1, movie_actor2, movie_actor3, movie_img_url, movie_story) VALUES ('20050276', '사랑해, 말순씨', 'Bravo, My Life', '드라마', '박흥식', '사랑해 배우1', '', '', '사랑해 url', '');
INSERT INTO movies (movie_code, movie_title_kr, movie_title_eng, movie_genre, movie_directior, movie_actor1, movie_actor2, movie_actor3, movie_img_url, movie_story) VALUES ('20050306', '애인', 'The Intimate', '멜로/로맨스', '김태은', '애인 배우1', '', '', '애인 url', '');
INSERT INTO movies (movie_code, movie_title_kr, movie_title_eng, movie_genre, movie_directior, movie_actor1, movie_actor2, movie_actor3, movie_img_url, movie_story) VALUES ('20060412', '허브', 'Herb', '드라마', '허인무', '허브 배우1', '', '', '허브 url', '');
INSERT INTO movies (movie_code, movie_title_kr, movie_title_eng, movie_genre, movie_directior, movie_actor1, movie_actor2, movie_actor3, movie_img_url, movie_story) VALUES ('20070021', '김관장 대 김관장 대 김관장', 'Master KIMs', '코미디', '박성균', '김관장 배우1', '', '', '김관장 url', '');
INSERT INTO movies (movie_code, movie_title_kr, movie_title_eng, movie_genre, movie_directior, movie_actor1, movie_actor2, movie_actor3, movie_img_url, movie_story) VALUES ('20070010', '마강호텔', 'Hotel M : Gangster’s Last Draw', '코미디,드라마', '최성철', '마강호텔 배우1', '', '', '마강호텔 url', '');
INSERT INTO movies (movie_code, movie_title_kr, movie_title_eng, movie_genre, movie_directior, movie_actor1, movie_actor2, movie_actor3, movie_img_url, movie_story) VALUES ('20060420', '쏜다', 'Big Bang', '코미디', '박정우', '쏜다 배우1', '', '', '쏜다 url', '');


-- 상영영화
INSERT INTO nowmovies (movie_code, theater_id, movie_time) VALUES ('20124070', '1', to_date('2015-02-18 6:00:00', 'yyyy-mm-dd hh24:mi:ss'));
INSERT INTO nowmovies (movie_code, theater_id, movie_time) VALUES ('20124070', '1', to_date('2015-02-18 18:00:00', 'yyyy-mm-dd hh24:mi:ss'));
INSERT INTO nowmovies (movie_code, theater_id, movie_time) VALUES ('20124070', '2', to_date('2015-02-18 6:00:00', 'yyyy-mm-dd hh24:mi:ss'));
INSERT INTO nowmovies (movie_code, theater_id, movie_time) VALUES ('20124070', '2', to_date('2015-02-18 18:00:00', 'yyyy-mm-dd hh24:mi:ss'));
INSERT INTO nowmovies (movie_code, theater_id, movie_time) VALUES ('20124070', '3', to_date('2015-02-18 6:00:00', 'yyyy-mm-dd hh24:mi:ss'));
INSERT INTO nowmovies (movie_code, theater_id, movie_time) VALUES ('20124070', '3', to_date('2015-02-18 18:00:00', 'yyyy-mm-dd hh24:mi:ss'));
INSERT INTO nowmovies (movie_code, theater_id, movie_time) VALUES ('20124400', '1', to_date('2015-02-18 6:00:00', 'yyyy-mm-dd hh24:mi:ss'));
INSERT INTO nowmovies (movie_code, theater_id, movie_time) VALUES ('20124400', '1', to_date('2015-02-18 18:00:00', 'yyyy-mm-dd hh24:mi:ss'));
INSERT INTO nowmovies (movie_code, theater_id, movie_time) VALUES ('20124400', '2', to_date('2015-02-18 6:00:00', 'yyyy-mm-dd hh24:mi:ss'));
INSERT INTO nowmovies (movie_code, theater_id, movie_time) VALUES ('20124400', '2', to_date('2015-02-18 18:00:00', 'yyyy-mm-dd hh24:mi:ss'));
INSERT INTO nowmovies (movie_code, theater_id, movie_time) VALUES ('20124400', '3', to_date('2015-02-18 6:00:00', 'yyyy-mm-dd hh24:mi:ss'));
INSERT INTO nowmovies (movie_code, theater_id, movie_time) VALUES ('20124400', '3', to_date('2015-02-18 18:00:00', 'yyyy-mm-dd hh24:mi:ss'));
INSERT INTO nowmovies (movie_code, theater_id, movie_time) VALUES ('20124032', '1', to_date('2015-02-18 6:00:00', 'yyyy-mm-dd hh24:mi:ss'));
INSERT INTO nowmovies (movie_code, theater_id, movie_time) VALUES ('20124032', '1', to_date('2015-02-18 18:00:00', 'yyyy-mm-dd hh24:mi:ss'));
INSERT INTO nowmovies (movie_code, theater_id, movie_time) VALUES ('20124032', '2', to_date('2015-02-18 6:00:00', 'yyyy-mm-dd hh24:mi:ss'));
INSERT INTO nowmovies (movie_code, theater_id, movie_time) VALUES ('20124032', '2', to_date('2015-02-18 18:00:00', 'yyyy-mm-dd hh24:mi:ss'));
INSERT INTO nowmovies (movie_code, theater_id, movie_time) VALUES ('20124032', '3', to_date('2015-02-18 6:00:00', 'yyyy-mm-dd hh24:mi:ss'));
INSERT INTO nowmovies (movie_code, theater_id, movie_time) VALUES ('20124032', '3', to_date('2015-02-18 18:00:00', 'yyyy-mm-dd hh24:mi:ss'));

INSERT INTO nowmovies (movie_code, theater_id, movie_time) VALUES ('20124070', '1', to_date('2015-02-19 6:00:00', 'yyyy-mm-dd hh24:mi:ss'));
INSERT INTO nowmovies (movie_code, theater_id, movie_time) VALUES ('20124070', '1', to_date('2015-02-19 18:00:00', 'yyyy-mm-dd hh24:mi:ss'));
INSERT INTO nowmovies (movie_code, theater_id, movie_time) VALUES ('20124070', '2', to_date('2015-02-19 6:00:00', 'yyyy-mm-dd hh24:mi:ss'));
INSERT INTO nowmovies (movie_code, theater_id, movie_time) VALUES ('20124070', '2', to_date('2015-02-19 18:00:00', 'yyyy-mm-dd hh24:mi:ss'));
INSERT INTO nowmovies (movie_code, theater_id, movie_time) VALUES ('20124070', '3', to_date('2015-02-19 6:00:00', 'yyyy-mm-dd hh24:mi:ss'));
INSERT INTO nowmovies (movie_code, theater_id, movie_time) VALUES ('20124070', '3', to_date('2015-02-19 18:00:00', 'yyyy-mm-dd hh24:mi:ss'));
INSERT INTO nowmovies (movie_code, theater_id, movie_time) VALUES ('20124400', '1', to_date('2015-02-19 6:00:00', 'yyyy-mm-dd hh24:mi:ss'));
INSERT INTO nowmovies (movie_code, theater_id, movie_time) VALUES ('20124400', '1', to_date('2015-02-19 18:00:00', 'yyyy-mm-dd hh24:mi:ss'));
INSERT INTO nowmovies (movie_code, theater_id, movie_time) VALUES ('20124400', '2', to_date('2015-02-19 6:00:00', 'yyyy-mm-dd hh24:mi:ss'));
INSERT INTO nowmovies (movie_code, theater_id, movie_time) VALUES ('20124400', '2', to_date('2015-02-19 18:00:00', 'yyyy-mm-dd hh24:mi:ss'));
INSERT INTO nowmovies (movie_code, theater_id, movie_time) VALUES ('20124400', '3', to_date('2015-02-19 6:00:00', 'yyyy-mm-dd hh24:mi:ss'));
INSERT INTO nowmovies (movie_code, theater_id, movie_time) VALUES ('20124400', '3', to_date('2015-02-19 18:00:00', 'yyyy-mm-dd hh24:mi:ss'));
INSERT INTO nowmovies (movie_code, theater_id, movie_time) VALUES ('20124032', '1', to_date('2015-02-19 6:00:00', 'yyyy-mm-dd hh24:mi:ss'));
INSERT INTO nowmovies (movie_code, theater_id, movie_time) VALUES ('20124032', '1', to_date('2015-02-19 18:00:00', 'yyyy-mm-dd hh24:mi:ss'));
INSERT INTO nowmovies (movie_code, theater_id, movie_time) VALUES ('20124032', '2', to_date('2015-02-19 6:00:00', 'yyyy-mm-dd hh24:mi:ss'));
INSERT INTO nowmovies (movie_code, theater_id, movie_time) VALUES ('20124032', '2', to_date('2015-02-19 18:00:00', 'yyyy-mm-dd hh24:mi:ss'));
INSERT INTO nowmovies (movie_code, theater_id, movie_time) VALUES ('20124032', '3', to_date('2015-02-19 6:00:00', 'yyyy-mm-dd hh24:mi:ss'));
INSERT INTO nowmovies (movie_code, theater_id, movie_time) VALUES ('20124032', '3', to_date('2015-02-19 18:00:00', 'yyyy-mm-dd hh24:mi:ss'));

INSERT INTO nowmovies (movie_code, theater_id, movie_time) VALUES ('20124070', '1', to_date('2015-02-20 6:00:00', 'yyyy-mm-dd hh24:mi:ss'));
INSERT INTO nowmovies (movie_code, theater_id, movie_time) VALUES ('20124070', '1', to_date('2015-02-20 18:00:00', 'yyyy-mm-dd hh24:mi:ss'));
INSERT INTO nowmovies (movie_code, theater_id, movie_time) VALUES ('20124070', '2', to_date('2015-02-20 6:00:00', 'yyyy-mm-dd hh24:mi:ss'));
INSERT INTO nowmovies (movie_code, theater_id, movie_time) VALUES ('20124070', '2', to_date('2015-02-20 18:00:00', 'yyyy-mm-dd hh24:mi:ss'));
INSERT INTO nowmovies (movie_code, theater_id, movie_time) VALUES ('20124070', '3', to_date('2015-02-20 6:00:00', 'yyyy-mm-dd hh24:mi:ss'));
INSERT INTO nowmovies (movie_code, theater_id, movie_time) VALUES ('20124070', '3', to_date('2015-02-20 18:00:00', 'yyyy-mm-dd hh24:mi:ss'));
INSERT INTO nowmovies (movie_code, theater_id, movie_time) VALUES ('20124400', '1', to_date('2015-02-20 6:00:00', 'yyyy-mm-dd hh24:mi:ss'));
INSERT INTO nowmovies (movie_code, theater_id, movie_time) VALUES ('20124400', '1', to_date('2015-02-20 18:00:00', 'yyyy-mm-dd hh24:mi:ss'));
INSERT INTO nowmovies (movie_code, theater_id, movie_time) VALUES ('20124400', '2', to_date('2015-02-20 6:00:00', 'yyyy-mm-dd hh24:mi:ss'));
INSERT INTO nowmovies (movie_code, theater_id, movie_time) VALUES ('20124400', '2', to_date('2015-02-20 18:00:00', 'yyyy-mm-dd hh24:mi:ss'));
INSERT INTO nowmovies (movie_code, theater_id, movie_time) VALUES ('20124400', '3', to_date('2015-02-20 6:00:00', 'yyyy-mm-dd hh24:mi:ss'));
INSERT INTO nowmovies (movie_code, theater_id, movie_time) VALUES ('20124400', '3', to_date('2015-02-20 18:00:00', 'yyyy-mm-dd hh24:mi:ss'));
INSERT INTO nowmovies (movie_code, theater_id, movie_time) VALUES ('20124032', '1', to_date('2015-02-20 6:00:00', 'yyyy-mm-dd hh24:mi:ss'));
INSERT INTO nowmovies (movie_code, theater_id, movie_time) VALUES ('20124032', '1', to_date('2015-02-20 18:00:00', 'yyyy-mm-dd hh24:mi:ss'));
INSERT INTO nowmovies (movie_code, theater_id, movie_time) VALUES ('20124032', '2', to_date('2015-02-20 6:00:00', 'yyyy-mm-dd hh24:mi:ss'));
INSERT INTO nowmovies (movie_code, theater_id, movie_time) VALUES ('20124032', '2', to_date('2015-02-20 18:00:00', 'yyyy-mm-dd hh24:mi:ss'));
INSERT INTO nowmovies (movie_code, theater_id, movie_time) VALUES ('20124032', '3', to_date('2015-02-20 6:00:00', 'yyyy-mm-dd hh24:mi:ss'));
INSERT INTO nowmovies (movie_code, theater_id, movie_time) VALUES ('20124032', '3', to_date('2015-02-20 18:00:00', 'yyyy-mm-dd hh24:mi:ss'));

INSERT INTO nowmovies (movie_code, theater_id, movie_time) VALUES ('20124070', '1', to_date('2015-02-21 6:00:00', 'yyyy-mm-dd hh24:mi:ss'));
INSERT INTO nowmovies (movie_code, theater_id, movie_time) VALUES ('20124070', '1', to_date('2015-02-21 18:00:00', 'yyyy-mm-dd hh24:mi:ss'));
INSERT INTO nowmovies (movie_code, theater_id, movie_time) VALUES ('20124070', '2', to_date('2015-02-21 6:00:00', 'yyyy-mm-dd hh24:mi:ss'));
INSERT INTO nowmovies (movie_code, theater_id, movie_time) VALUES ('20124070', '2', to_date('2015-02-21 18:00:00', 'yyyy-mm-dd hh24:mi:ss'));
INSERT INTO nowmovies (movie_code, theater_id, movie_time) VALUES ('20124070', '3', to_date('2015-02-21 6:00:00', 'yyyy-mm-dd hh24:mi:ss'));
INSERT INTO nowmovies (movie_code, theater_id, movie_time) VALUES ('20124070', '3', to_date('2015-02-21 18:00:00', 'yyyy-mm-dd hh24:mi:ss'));
INSERT INTO nowmovies (movie_code, theater_id, movie_time) VALUES ('20124400', '1', to_date('2015-02-21 6:00:00', 'yyyy-mm-dd hh24:mi:ss'));
INSERT INTO nowmovies (movie_code, theater_id, movie_time) VALUES ('20124400', '1', to_date('2015-02-21 18:00:00', 'yyyy-mm-dd hh24:mi:ss'));
INSERT INTO nowmovies (movie_code, theater_id, movie_time) VALUES ('20124400', '2', to_date('2015-02-21 6:00:00', 'yyyy-mm-dd hh24:mi:ss'));
INSERT INTO nowmovies (movie_code, theater_id, movie_time) VALUES ('20124400', '2', to_date('2015-02-21 18:00:00', 'yyyy-mm-dd hh24:mi:ss'));
INSERT INTO nowmovies (movie_code, theater_id, movie_time) VALUES ('20124400', '3', to_date('2015-02-21 6:00:00', 'yyyy-mm-dd hh24:mi:ss'));
INSERT INTO nowmovies (movie_code, theater_id, movie_time) VALUES ('20124400', '3', to_date('2015-02-21 18:00:00', 'yyyy-mm-dd hh24:mi:ss'));
INSERT INTO nowmovies (movie_code, theater_id, movie_time) VALUES ('20124032', '1', to_date('2015-02-21 6:00:00', 'yyyy-mm-dd hh24:mi:ss'));
INSERT INTO nowmovies (movie_code, theater_id, movie_time) VALUES ('20124032', '1', to_date('2015-02-21 18:00:00', 'yyyy-mm-dd hh24:mi:ss'));
INSERT INTO nowmovies (movie_code, theater_id, movie_time) VALUES ('20124032', '2', to_date('2015-02-21 6:00:00', 'yyyy-mm-dd hh24:mi:ss'));
INSERT INTO nowmovies (movie_code, theater_id, movie_time) VALUES ('20124032', '2', to_date('2015-02-21 18:00:00', 'yyyy-mm-dd hh24:mi:ss'));
INSERT INTO nowmovies (movie_code, theater_id, movie_time) VALUES ('20124032', '3', to_date('2015-02-21 6:00:00', 'yyyy-mm-dd hh24:mi:ss'));
INSERT INTO nowmovies (movie_code, theater_id, movie_time) VALUES ('20124032', '3', to_date('2015-02-21 18:00:00', 'yyyy-mm-dd hh24:mi:ss'));

INSERT INTO nowmovies (movie_code, theater_id, movie_time) VALUES ('20124070', '1', to_date('2015-02-22 6:00:00', 'yyyy-mm-dd hh24:mi:ss'));
INSERT INTO nowmovies (movie_code, theater_id, movie_time) VALUES ('20124070', '1', to_date('2015-02-22 18:00:00', 'yyyy-mm-dd hh24:mi:ss'));
INSERT INTO nowmovies (movie_code, theater_id, movie_time) VALUES ('20124070', '2', to_date('2015-02-22 6:00:00', 'yyyy-mm-dd hh24:mi:ss'));
INSERT INTO nowmovies (movie_code, theater_id, movie_time) VALUES ('20124070', '2', to_date('2015-02-22 18:00:00', 'yyyy-mm-dd hh24:mi:ss'));
INSERT INTO nowmovies (movie_code, theater_id, movie_time) VALUES ('20124070', '3', to_date('2015-02-22 6:00:00', 'yyyy-mm-dd hh24:mi:ss'));
INSERT INTO nowmovies (movie_code, theater_id, movie_time) VALUES ('20124070', '3', to_date('2015-02-22 18:00:00', 'yyyy-mm-dd hh24:mi:ss'));
INSERT INTO nowmovies (movie_code, theater_id, movie_time) VALUES ('20124400', '1', to_date('2015-02-22 6:00:00', 'yyyy-mm-dd hh24:mi:ss'));
INSERT INTO nowmovies (movie_code, theater_id, movie_time) VALUES ('20124400', '1', to_date('2015-02-22 18:00:00', 'yyyy-mm-dd hh24:mi:ss'));
INSERT INTO nowmovies (movie_code, theater_id, movie_time) VALUES ('20124400', '2', to_date('2015-02-22 6:00:00', 'yyyy-mm-dd hh24:mi:ss'));
INSERT INTO nowmovies (movie_code, theater_id, movie_time) VALUES ('20124400', '2', to_date('2015-02-22 18:00:00', 'yyyy-mm-dd hh24:mi:ss'));
INSERT INTO nowmovies (movie_code, theater_id, movie_time) VALUES ('20124400', '3', to_date('2015-02-22 6:00:00', 'yyyy-mm-dd hh24:mi:ss'));
INSERT INTO nowmovies (movie_code, theater_id, movie_time) VALUES ('20124400', '3', to_date('2015-02-22 18:00:00', 'yyyy-mm-dd hh24:mi:ss'));
INSERT INTO nowmovies (movie_code, theater_id, movie_time) VALUES ('20124032', '1', to_date('2015-02-22 6:00:00', 'yyyy-mm-dd hh24:mi:ss'));
INSERT INTO nowmovies (movie_code, theater_id, movie_time) VALUES ('20124032', '1', to_date('2015-02-22 18:00:00', 'yyyy-mm-dd hh24:mi:ss'));
INSERT INTO nowmovies (movie_code, theater_id, movie_time) VALUES ('20124032', '2', to_date('2015-02-22 6:00:00', 'yyyy-mm-dd hh24:mi:ss'));
INSERT INTO nowmovies (movie_code, theater_id, movie_time) VALUES ('20124032', '2', to_date('2015-02-22 18:00:00', 'yyyy-mm-dd hh24:mi:ss'));
INSERT INTO nowmovies (movie_code, theater_id, movie_time) VALUES ('20124032', '3', to_date('2015-02-22 6:00:00', 'yyyy-mm-dd hh24:mi:ss'));
INSERT INTO nowmovies (movie_code, theater_id, movie_time) VALUES ('20124032', '3', to_date('2015-02-22 18:00:00', 'yyyy-mm-dd hh24:mi:ss'));

INSERT INTO nowmovies (movie_code, theater_id, movie_time) VALUES ('20124070', '1', to_date('2015-02-23 6:00:00', 'yyyy-mm-dd hh24:mi:ss'));
INSERT INTO nowmovies (movie_code, theater_id, movie_time) VALUES ('20124070', '1', to_date('2015-02-23 18:00:00', 'yyyy-mm-dd hh24:mi:ss'));
INSERT INTO nowmovies (movie_code, theater_id, movie_time) VALUES ('20124070', '2', to_date('2015-02-23 6:00:00', 'yyyy-mm-dd hh24:mi:ss'));
INSERT INTO nowmovies (movie_code, theater_id, movie_time) VALUES ('20124070', '2', to_date('2015-02-23 18:00:00', 'yyyy-mm-dd hh24:mi:ss'));
INSERT INTO nowmovies (movie_code, theater_id, movie_time) VALUES ('20124070', '3', to_date('2015-02-23 6:00:00', 'yyyy-mm-dd hh24:mi:ss'));
INSERT INTO nowmovies (movie_code, theater_id, movie_time) VALUES ('20124070', '3', to_date('2015-02-23 18:00:00', 'yyyy-mm-dd hh24:mi:ss'));
INSERT INTO nowmovies (movie_code, theater_id, movie_time) VALUES ('20124400', '1', to_date('2015-02-23 6:00:00', 'yyyy-mm-dd hh24:mi:ss'));
INSERT INTO nowmovies (movie_code, theater_id, movie_time) VALUES ('20124400', '1', to_date('2015-02-23 18:00:00', 'yyyy-mm-dd hh24:mi:ss'));
INSERT INTO nowmovies (movie_code, theater_id, movie_time) VALUES ('20124400', '2', to_date('2015-02-23 6:00:00', 'yyyy-mm-dd hh24:mi:ss'));
INSERT INTO nowmovies (movie_code, theater_id, movie_time) VALUES ('20124400', '2', to_date('2015-02-23 18:00:00', 'yyyy-mm-dd hh24:mi:ss'));
INSERT INTO nowmovies (movie_code, theater_id, movie_time) VALUES ('20124400', '3', to_date('2015-02-23 6:00:00', 'yyyy-mm-dd hh24:mi:ss'));
INSERT INTO nowmovies (movie_code, theater_id, movie_time) VALUES ('20124400', '3', to_date('2015-02-23 18:00:00', 'yyyy-mm-dd hh24:mi:ss'));
INSERT INTO nowmovies (movie_code, theater_id, movie_time) VALUES ('20124032', '1', to_date('2015-02-23 6:00:00', 'yyyy-mm-dd hh24:mi:ss'));
INSERT INTO nowmovies (movie_code, theater_id, movie_time) VALUES ('20124032', '1', to_date('2015-02-23 18:00:00', 'yyyy-mm-dd hh24:mi:ss'));
INSERT INTO nowmovies (movie_code, theater_id, movie_time) VALUES ('20124032', '2', to_date('2015-02-23 6:00:00', 'yyyy-mm-dd hh24:mi:ss'));
INSERT INTO nowmovies (movie_code, theater_id, movie_time) VALUES ('20124032', '2', to_date('2015-02-23 18:00:00', 'yyyy-mm-dd hh24:mi:ss'));
INSERT INTO nowmovies (movie_code, theater_id, movie_time) VALUES ('20124032', '3', to_date('2015-02-23 6:00:00', 'yyyy-mm-dd hh24:mi:ss'));
INSERT INTO nowmovies (movie_code, theater_id, movie_time) VALUES ('20124032', '3', to_date('2015-02-23 18:00:00', 'yyyy-mm-dd hh24:mi:ss'));
-- 좌석정보
INSERT INTO seatinfo (nowmovie_id, seat_no) VALUES ('1', '1');
INSERT INTO seatinfo (nowmovie_id, seat_no) VALUES ('1', '2');
INSERT INTO seatinfo (nowmovie_id, seat_no) VALUES ('2', '1');
INSERT INTO seatinfo (nowmovie_id, seat_no) VALUES ('2', '2');
INSERT INTO seatinfo (nowmovie_id, seat_no) VALUES ('3', '1');
INSERT INTO seatinfo (nowmovie_id, seat_no) VALUES ('3', '2');
INSERT INTO seatinfo (nowmovie_id, seat_no) VALUES ('3', '3');
INSERT INTO seatinfo (nowmovie_id, seat_no) VALUES ('8', '1');
INSERT INTO seatinfo (nowmovie_id, seat_no) VALUES ('8', '2');
INSERT INTO seatinfo (nowmovie_id, seat_no) VALUES ('8', '3');
INSERT INTO seatinfo (nowmovie_id, seat_no) VALUES ('8', '4');
INSERT INTO seatinfo (nowmovie_id, seat_no) VALUES ('8', '5');

